{
    "vertices":[-0.0339717,0.999281,-5.63082,0.565531,0.999281,-2.79418,1.12058,0.999281,-1.36155,2.20326,0.999281,0.0254786,3.66709,0.999281,3.59279,1.12005,0.999281,0.942716,-1.13003,0.999281,0.942716,-3.65889,0.999281,3.60753,-2.23996,0.999281,-0.00849328,-1.01521,0.999281,-1.40447,-0.5829,0.999281,-2.79418,4.72389,0.999281,1.30166,4.63714,0.999281,2.8055,0.00430522,1.37292,-1.94049,-1.13393,1.15844,0.942716,1.11654,1.1687,0.942716,-0.599547,1.12,-2.78061,0.568722,1.12298,-2.79418],
    "uvs":[[0,0,1,0,1,1]],
    "normals":[-2.09999e-08,1,-2.47999e-08,-0,1,0,-2.14645e-07,1,-4.95593e-11,-2.11427e-08,-1,2.46706e-08,-0,-1,-0,-8.72451e-15,-1,4.20248e-08,-3.27212e-07,-1,-1.60077e-08,6.62269e-15,1,-3.19007e-08,-8.45048e-16,1,-3.19006e-08,-2.649e-08,-1.056e-06,-1,6.83108e-09,-1.49785e-06,-1,0.720902,0.0149338,-0.692876,-0.45782,-0.814059,0.357363,-0.504397,0.74145,-0.442532,-0.153337,0.988089,0.0129683,-0.160589,-0.986989,-0.00795867,0.00454856,-0.997365,-0.0723974,-0.114898,-0.992258,0.047148,-0.106878,0.993387,-0.0419392,0.725254,0.0177568,0.688253,-2.06304e-07,-0.111702,0.993742,0.0116141,-0.000307309,0.999933,-0.975465,-0.113292,-0.188766,0.978077,-0.0252289,-0.206709,-0.00304669,0.999074,-0.0429203,-0.950288,-0.0978106,-0.295612,-0.35579,0.934218,-0.0255118,-0.00574903,0.958667,-0.284471,-0.340223,-0.939016,0.0499771,-0.932193,0.0240442,0.361163],
    "faces":[40,4,3,5,0,0,0,0,0,0,40,3,2,5,0,0,0,1,1,1,40,2,1,5,0,0,0,2,2,2,40,7,8,6,0,0,0,3,3,3,40,8,9,6,0,0,0,4,4,4,40,1,10,0,0,0,0,5,5,5,40,10,6,9,0,0,0,6,6,6,40,5,1,10,0,0,0,7,7,7,40,6,5,10,0,0,0,8,8,8,40,6,15,5,0,0,0,9,9,9,40,14,15,6,0,0,0,10,10,10,40,5,15,4,0,0,0,11,11,11,40,3,13,2,0,0,0,12,12,12,40,9,8,13,0,0,0,13,13,13,40,8,14,13,0,0,0,14,14,14,40,3,15,13,0,0,0,15,15,15,40,14,13,15,0,0,0,16,16,16,40,3,4,15,0,0,0,17,17,17,40,8,7,14,0,0,0,18,18,18,40,7,6,14,0,0,0,19,19,19,40,16,10,1,0,0,0,20,20,20,40,1,17,16,0,0,0,21,21,21,40,0,10,16,0,0,0,22,22,22,40,1,0,17,0,0,0,23,23,23,40,17,0,16,0,1,2,24,24,24,40,16,10,9,0,0,0,25,25,25,40,13,16,9,0,0,0,26,26,26,40,13,17,16,0,0,0,27,27,27,40,13,17,2,0,0,0,28,28,28,40,17,1,2,0,0,0,29,29,29],
    "metadata":{
        "type":"Geometry",
        "normals":30,
        "uvs":1,
        "vertices":18,
        "generator":"io_three",
        "version":3,
        "faces":30
    }
}